a,b,c,radical,support_vertices,covering_faces,zero_defect_cover,min_raw_defect,raw_face,raw_ratio,min_scalar_unmatched,scalar_face,scalar_ratio,min_monotone_unmatched,flow_face,flow_ratio,family,index
4,3,7,42,3,5,True,1,C:7^1,0.0,0.0,"A:2^2,B:3^1",0.0,0.0,"A:2^2,B:3^1",0.0,balanced,1
16,9,25,30,3,5,False,5,C:5^2,0.4731974454383393,0.0,C:5^2,0.0,1.5686159179138452,"A:2^4,B:3^2",0.4611952033043337,balanced,2
64,27,91,546,4,11,True,1,"C:7^1,C:13^1",0.0,0.0,"A:2^6,C:7^1",0.0,0.0,"A:2^6,C:7^1",0.0,balanced,3
256,81,337,2022,3,5,True,1,C:337^1,0.0,0.0,C:337^1,0.0,0.0,C:337^1,0.0,balanced,4
1024,243,1267,7602,4,11,True,1,"C:7^1,C:181^1",0.0,0.0,"A:2^10,C:7^1",0.0,0.0,"A:2^10,C:7^1",0.0,balanced,5
4096,729,4825,5790,4,11,False,5,"C:5^2,C:193^1",0.1857639424940927,0.0,"C:5^2,C:193^1",0.0,1.6094379124341003,"C:5^2,C:193^1",0.1857639424940927,balanced,6
16384,2187,18571,15918,4,11,False,7,"C:7^2,C:379^1",0.2011233853398659,0.15415067982725827,"C:7^2,C:379^1",0.015932547859083435,1.9459101490553132,"C:7^2,C:379^1",0.2011233853398659,balanced,7
65536,6561,72097,432582,4,11,True,1,"C:17^1,C:4241^1",0.0,0.0,"B:3^8,C:17^1",0.0,0.0,"B:3^8,C:17^1",0.0,balanced,8
262144,19683,281827,1690962,6,45,True,1,"C:7^1,C:13^1,C:19^1,C:163^1",0.0,0.0,"B:3^9,C:19^1",0.0,0.0,"B:3^9,C:19^1",0.0,balanced,9
1048576,59049,1107625,265830,4,11,False,25,"C:5^3,C:8861^1",0.25770360581529894,1.4271163556401456,"C:5^3,C:8861^1",0.11425511600203243,3.2188758248682006,"C:5^3,C:8861^1",0.25770360581529894,balanced,10
4194304,177147,4371451,26228706,5,22,True,1,"C:7^1,C:727^1,C:859^1",0.0,0.0,"C:7^1,C:727^1,C:859^1",0.0,0.0,"C:7^1,C:727^1,C:859^1",0.0,balanced,11
16777216,531441,17308657,103851942,4,11,True,1,"C:337^1,C:51361^1",0.0,0.0,"C:337^1,C:51361^1",0.0,0.0,"C:337^1,C:51361^1",0.0,balanced,12
9,16,25,30,3,5,False,5,C:5^2,0.4731974454383393,0.0,C:5^2,0.0,1.5686159179138452,"A:3^2,B:2^4",0.4611952033043337,pythagorean,1
25,144,169,390,4,11,False,13,C:13^2,0.42991724300738143,0.0,"A:5^2,B:3^2",0.0,0.02531780798428951,"A:5^2,B:2^4",0.00424357782189048,pythagorean,2
49,576,625,210,4,10,False,125,C:5^4,0.902976742017089,1.090644119018933,C:5^4,0.20396898935611862,2.70359585075283,"A:7^2,B:2^6",0.5056183806331765,pythagorean,3
81,1600,1681,1230,4,11,False,41,C:41^2,0.5219525514712127,0.3123746850421525,C:41^2,0.04390510294242537,1.1917027117341217,"A:3^4,B:5^2",0.16749702437761133,pythagorean,4
121,3600,3721,20130,5,20,False,61,C:61^2,0.41482217487249656,0.0,"A:11^2,B:2^4,B:3^2",0.0,0.0,"A:11^2,B:2^4,B:3^2",0.0,pythagorean,5
169,7056,7225,46410,6,44,False,85,"C:5^2,C:17^2",0.4134517941822074,0.0,"A:13^2,B:2^4,B:3^2",0.0,0.0,"A:13^2,B:2^4,B:3^2",0.0,pythagorean,6
225,12544,12769,23730,5,20,False,113,C:113^2,0.4692431387126403,0.0,C:113^2,0.0,0.8867824972541734,"A:3^2,A:5^2,B:2^8",0.088022522865561,pythagorean,7
289,20736,21025,14790,5,22,False,145,"C:5^2,C:29^2",0.5183176254708234,0.3517609291363035,"C:5^2,C:29^2",0.036635250941646935,1.1523164676399709,"A:17^2,B:3^4",0.12001163136518925,pythagorean,8
361,32400,32761,103170,5,20,False,181,C:181^2,0.45031505221741697,0.0,C:181^2,0.0,0.33620911334644044,"A:19^2,B:2^4,B:5^2",0.029123807039225742,pythagorean,9
441,48400,48841,510510,7,90,False,221,"C:13^2,C:17^2",0.41072013431241927,0.0,"A:3^2,A:7^2,B:2^4,B:5^2",0.0,0.0,"A:3^2,A:7^2,B:2^4,B:5^2",0.0,pythagorean,10
529,69696,70225,402270,6,43,False,265,"C:5^2,C:53^2",0.43237367195803234,0.0,"A:23^2,B:2^6,B:3^2",0.0,0.0,"A:23^2,B:2^6,B:3^2",0.0,pythagorean,11
625,97344,97969,122070,5,21,False,313,C:313^2,0.49061061401408057,0.0,"A:5^4,B:13^2",0.0,1.081509380768447,"A:5^4,B:2^6,B:3^2",0.09233923057825572,pythagorean,12
729,132496,133225,199290,6,43,False,365,"C:5^2,C:73^2",0.4834984190435166,0.0,"C:5^2,C:73^2",0.0,0.38062194978924446,"A:3^6,B:2^4,C:5^2",0.031192086903785717,pythagorean,13
841,176400,177241,2563890,6,42,False,421,C:421^2,0.40947469085838795,0.0,"A:29^2,B:2^4,B:5^2",0.0,0.0,"A:29^2,B:2^4,B:5^2",0.0,pythagorean,14
961,230400,231361,447330,6,43,False,481,"C:13^2,C:37^2",0.4746631816041577,0.0,"B:3^2,B:5^2,C:37^2",0.0,0.7883943583166833,"A:31^2,B:2^10",0.06059420614312469,pythagorean,15
1089,295936,297025,611490,6,43,False,545,"C:5^2,C:109^2",0.47290224221214255,0.0,"A:3^2,A:11^2,B:17^2",0.0,0.5397607346254434,"A:3^2,A:11^2,B:17^2",0.04051146475708557,pythagorean,16
1225,374544,375769,2188410,6,40,False,613,C:613^2,0.43965361123311303,0.0,"A:5^2,A:7^2,B:2^4,B:3^4",0.0,0.0,"A:5^2,A:7^2,B:2^4,B:3^4",0.0,pythagorean,17
1369,467856,469225,2889330,6,44,False,685,"C:5^2,C:137^2",0.4389072287859774,0.0,"A:37^2,B:2^4,B:3^4",0.0,0.0,"A:37^2,B:2^4,B:3^4",0.0,pythagorean,18
1521,577600,579121,5639010,6,40,False,761,C:761^2,0.42679574506865514,0.0,"A:3^2,A:13^2,B:2^6,B:5^2",0.0,0.0,"A:3^2,A:13^2,B:2^6,B:5^2",0.0,pythagorean,19
1681,705600,707281,249690,6,42,False,861,"A:41^2,B:3^2,B:7^2",0.5437808067695121,1.0412078925376456,C:29^4,0.0837793652408903,3.713572066704308,"A:41^2,B:2^6,B:3^2",0.29880748384121497,pythagorean,20
1849,853776,855625,3675210,7,89,False,1221,"B:3^2,B:11^2,C:37^2",0.4701573502762833,0.0,"A:43^2,B:2^4,B:7^2",0.0,0.0,"B:2^4,B:11^2,C:5^4",0.0,pythagorean,21
2025,1024144,1026169,7688670,6,41,False,1013,C:1013^2,0.43649061659687627,0.0,"A:3^4,A:5^2,B:2^4,B:11^2",0.0,0.0,"A:3^4,A:5^2,B:2^4,B:11^2",0.0,pythagorean,22
2209,1218816,1221025,7167030,7,88,False,1105,"C:5^2,C:13^2,C:17^2",0.44394043522973625,0.0,"A:47^2,B:2^8,B:3^2",0.0,0.0,"B:2^8,B:23^2,C:5^2",0.0,pythagorean,23
2401,1440000,1442401,252210,5,21,False,1201,C:1201^2,0.570099688796877,1.743802291362515,C:1201^2,0.14019937759375403,3.0880252652395823,"A:7^4,B:2^8,B:3^2",0.24827311119203818,pythagorean,24
2601,1690000,1692601,8625630,6,40,False,1301,C:1301^2,0.44901545838886964,0.0,"A:17^2,B:2^4,B:5^4",0.0,0.0,"A:17^2,B:2^4,B:5^4",0.0,pythagorean,25
2809,1971216,1974025,5808270,6,43,False,1405,"C:5^2,C:281^2",0.4653540134959999,0.0,"A:53^2,B:3^6",0.0,0.0,"A:53^2,B:3^6",0.0,pythagorean,26
3025,2286144,2289169,3495030,7,87,False,1513,"C:17^2,C:89^2",0.4859574821867575,0.0,"C:17^2,C:89^2",0.0,0.47949484366087725,"A:11^2,B:2^6,B:3^6",0.031824486442020995,pythagorean,27
3249,2637376,2640625,1504230,7,90,False,1653,"A:3^2,A:19^2,B:29^2",0.5209825379551254,0.5627344921957551,"C:5^6,C:13^2",0.03956290306903975,1.1540349763976716,"A:3^2,B:2^6,B:7^2,C:13^2",0.08113413082491526,pythagorean,28
3481,3027600,3031081,89365530,6,40,False,1741,C:1741^2,0.40758765775321826,0.0,"A:59^2,B:2^4,B:3^2,B:5^2",0.0,0.0,"A:59^2,B:2^4,B:3^2,B:5^2",0.0,pythagorean,29
3721,3459600,3463321,105574530,6,41,False,1861,C:1861^2,0.40751819850449306,0.0,"A:61^2,B:2^4,B:3^2,B:5^2",0.0,0.0,"A:61^2,B:2^4,B:3^2,B:5^2",0.0,pythagorean,30
3969,3936256,3940225,2584470,6,43,False,1985,"C:5^2,C:397^2",0.5142809510491015,0.4217173703527761,"C:5^2,C:397^2",0.02856190209820305,0.6634312738083656,"A:7^2,B:2^12,C:5^2",0.0449326027892793,pythagorean,31
4225,4460544,4464769,9064770,6,42,False,2113,C:2113^2,0.47789693669238004,0.0,"A:13^2,B:2^12,B:3^2",0.0,0.0,"A:13^2,B:2^12,B:3^2",0.0,pythagorean,32
4489,5035536,5040025,168765630,7,86,False,2245,"C:5^2,C:449^2",0.4073296051672533,0.0,"A:67^2,B:2^4,B:11^2",0.0,0.0,"A:67^2,B:2^4,B:11^2",0.0,pythagorean,33
4761,5664400,5669161,195503910,7,80,False,2381,C:2381^2,0.40727247447868586,0.0,"A:3^2,A:23^2,B:5^2,B:7^2",0.0,0.0,"A:3^2,A:23^2,B:5^2,B:7^2",0.0,pythagorean,34
5041,6350400,6355441,37588110,6,42,False,2521,C:2521^2,0.44904952786227176,0.0,"A:71^2,B:2^6,B:3^4",0.0,0.0,"A:71^2,B:2^6,B:3^4",0.0,pythagorean,35
5329,7096896,7102225,43188990,7,91,False,2665,"C:5^2,C:13^2,C:41^2",0.4486614068306285,0.0,"A:73^2,B:2^6,B:3^4",0.0,0.0,"B:2^6,B:37^2,C:13^2",0.0,pythagorean,36
5625,7907344,7912969,59326170,7,88,False,2813,"C:29^2,C:97^2",0.4437232005478606,0.0,"A:3^2,A:5^4,B:2^4,B:19^2",0.0,0.0,"A:3^2,A:5^4,B:2^4,B:19^2",0.0,pythagorean,37
5929,8785296,8791225,338348010,8,171,False,2965,"C:5^2,C:593^2",0.40706726195919896,0.0,"A:7^2,A:11^2,B:2^4,B:13^2",0.0,0.0,"A:7^2,A:11^2,B:2^4,B:13^2",0.0,pythagorean,38
6241,9734400,9740641,96158010,6,41,False,3121,C:3121^2,0.4377176662938665,0.0,"A:79^2,B:2^8,B:3^2",0.0,0.0,"A:79^2,B:2^8,B:3^2",0.0,pythagorean,39
6561,10758400,10764961,4035630,6,44,False,3281,"C:17^2,C:193^2",0.5322515014884307,0.9811340845946379,"C:17^2,C:193^2",0.06450300297686144,1.6985166419858742,"A:3^8,B:41^2",0.11166610734915886,pythagorean,40
6889,11861136,11868025,492380070,8,178,False,3445,"C:5^2,C:13^2,C:53^2",0.4069336121302142,0.0,"A:83^2,B:2^4,B:3^2,B:7^2",0.0,0.0,"B:2^4,B:7^2,B:41^2,C:5^2",0.0,pythagorean,41
7225,13046544,13053769,554631630,7,81,False,3613,C:3613^2,0.4068922777139053,0.0,"A:5^2,A:17^2,B:2^4,B:3^2,B:7^2",0.0,0.0,"A:5^2,A:17^2,B:2^4,B:3^2,B:7^2",0.0,pythagorean,42
7569,14318656,14326225,311513070,7,85,False,3785,"C:5^2,C:757^2",0.4212722528313753,0.0,"A:3^2,A:29^2,B:2^6,B:11^2",0.0,0.0,"A:3^2,A:29^2,B:2^6,B:11^2",0.0,pythagorean,43
7921,15681600,15689521,116334570,7,89,False,3961,"C:17^2,C:233^2",0.4460618324509179,0.0,"A:89^2,B:2^6,B:3^4",0.0,0.0,"A:89^2,B:2^6,B:3^4",0.0,pythagorean,44
8281,17139600,17147881,260013390,8,179,False,4141,"C:41^2,C:101^2",0.4298404127138686,0.0,"A:7^2,A:13^2,B:2^4,B:23^2",0.0,0.0,"A:7^2,A:13^2,B:2^4,B:23^2",0.0,pythagorean,45
8649,18696976,18705625,173922090,7,88,False,4371,"A:3^2,A:31^2,B:47^2",0.44179903886026817,0.0,"A:3^2,A:31^2,B:2^4,B:23^2",0.0,0.0,"A:3^2,A:31^2,B:2^4,B:23^2",0.0,pythagorean,46
9025,20358144,20367169,120903270,6,40,False,4513,C:4513^2,0.45214888282608695,0.0,"A:5^2,A:19^2,B:2^10,B:3^2",0.0,0.0,"A:5^2,A:19^2,B:2^10,B:3^2",0.0,pythagorean,47
9409,22127616,22137025,19168170,6,43,False,4705,"C:5^2,C:941^2",0.5042937116719941,0.14400045523272986,"C:5^2,C:941^2",0.008587423343988033,1.1652265778826758,"B:2^10,B:7^4,C:5^2",0.06948793251919282,pythagorean,48
9801,24010000,24019801,870870,7,89,False,39875,"A:11^2,B:5^4,C:29^2",0.7745348221430188,3.3171410988552443,"C:13^4,C:29^2",0.24252986427143683,4.242181646892506,"B:2^4,B:7^4,C:29^2",0.3101633932275842,pythagorean,49
10201,26010000,26020201,262752510,6,42,False,5101,C:5101^2,0.4403628104072509,0.0,"A:101^2,B:2^4,B:5^4",0.0,0.0,"A:101^2,B:2^4,B:5^4",0.0,pythagorean,50
10609,28132416,28143025,724546290,7,85,False,5305,"C:5^2,C:1061^2",0.42039024660077606,0.0,"A:103^2,B:2^6,B:13^2",0.0,0.0,"A:103^2,B:2^6,B:13^2",0.0,pythagorean,51
11025,30382144,30393169,797675970,8,180,False,5513,"C:37^2,C:149^2",0.42029441807766554,0.0,"A:3^2,A:5^2,A:7^2,B:2^6,B:13^2",0.0,0.0,"A:3^2,A:5^2,A:7^2,B:2^6,B:13^2",0.0,pythagorean,52
11449,32764176,32775625,38959770,6,43,False,12137,"B:53^2,C:229^2",0.538047392351893,0.0,"B:3^6,C:229^2",0.0,1.0779579076695704,"A:107^2,B:2^4,C:5^4",0.06167498755310011,pythagorean,53
11881,35283600,35295481,213697770,7,87,False,5941,"C:13^2,C:457^2",0.45305524224096666,0.0,"A:109^2,B:2^4,B:3^6",0.0,0.0,"A:109^2,B:2^4,B:3^6",0.0,pythagorean,54
12321,37945600,37957921,526580670,8,180,False,6161,"C:61^2,C:101^2",0.4345200315204126,0.0,"A:3^2,A:37^2,B:2^8,B:5^2",0.0,0.0,"A:3^2,A:37^2,B:2^8,B:5^2",0.0,pythagorean,55
12769,40755456,40768225,575760990,7,86,False,6385,"C:5^2,C:1277^2",0.4343670869937688,0.0,"A:113^2,B:2^8,B:7^2",0.0,0.0,"A:113^2,B:2^8,B:7^2",0.0,pythagorean,56
13225,43718544,43731769,2514196470,8,177,False,6613,"C:17^2,C:389^2",0.40640811484984574,0.0,"A:5^2,A:23^2,B:2^4,B:19^2",0.0,0.0,"A:5^2,A:23^2,B:2^4,B:19^2",0.0,pythagorean,57
13689,46840336,46854025,24689730,7,86,False,8555,"B:29^2,B:59^2,C:5^2",0.5319190154863515,0.6406495497849871,"C:5^2,C:37^4",0.037636787189237166,0.8340569963438931,"A:13^2,B:2^4,B:29^2,C:5^2",0.04899905991602569,pythagorean,58
14161,50126400,50140561,1491471030,8,179,False,7081,"C:73^2,C:97^2",0.41969220084260345,0.0,"A:7^2,A:17^2,B:2^6,B:3^2,B:5^2",0.0,0.0,"A:7^2,A:17^2,B:2^6,B:3^2,B:5^2",0.0,pythagorean,59
14641,53582400,53597041,147371730,6,41,False,7321,C:7321^2,0.4731114658083155,0.0,"A:11^4,B:61^2",0.0,0.3580958484770953,"A:11^4,B:2^6,B:3^2,B:5^2",0.01903907509167193,pythagorean,60
15129,57214096,57229225,3519132090,8,180,False,7565,"C:5^2,C:17^2,C:89^2",0.40630965396510127,0.0,"A:3^2,A:41^2,B:2^4,B:31^2",0.0,0.0,"A:3^2,A:41^2,B:2^4,B:31^2",0.0,pythagorean,61
15625,61027344,61042969,50862630,7,87,False,7813,"C:13^2,C:601^2",0.5051409768469921,0.1824495567941291,"C:13^2,C:601^2",0.010281953693984226,0.8914050807482536,"A:5^6,B:3^4,B:7^2",0.050235176910721546,pythagorean,62
16129,65028096,65044225,43018710,6,41,False,8065,"C:5^2,C:1613^2",0.5117605068816113,0.4134322858173505,"C:5^2,C:1613^2",0.023521013763222624,1.8152890054551467,"A:127^2,B:2^14",0.10327552817295078,pythagorean,63
16641,69222400,69239041,139543170,7,88,False,8321,"C:53^2,C:157^2",0.4813156273527736,0.0,"A:3^2,A:43^2,B:5^2,B:13^2",0.0,0.007661955356879524,"A:3^2,A:43^2,B:5^2,B:13^2",0.0004085529761453924,pythagorean,64
17161,73616400,73633561,4822436190,7,80,False,8581,C:8581^2,0.4062201433896503,0.0,"A:131^2,B:2^4,B:3^2,B:11^2",0.0,0.0,"A:131^2,B:2^4,B:3^2,B:11^2",0.0,pythagorean,65
17689,78216336,78234025,5201974470,9,364,False,8845,"C:5^2,C:29^2,C:61^2",0.40619900245875995,0.0,"A:7^2,A:19^2,B:2^4,B:3^2,B:11^2",0.0,0.0,"A:7^2,A:19^2,B:2^4,B:3^2,B:11^2",0.0,pythagorean,66
18225,83028544,83046769,311391210,7,86,False,9113,"C:13^2,C:701^2",0.4662096488143298,0.0,"A:3^6,B:2^6,B:67^2",0.0,0.0,"A:3^6,B:2^6,B:67^2",0.0,pythagorean,67
18769,88059456,88078225,3016357770,7,86,False,9385,"C:5^2,C:1877^2",0.41905601170679624,0.0,"A:137^2,B:2^6,B:17^2",0.0,0.0,"A:137^2,B:2^6,B:17^2",0.0,pythagorean,68
19321,93315600,93334921,6486105570,7,82,False,9661,C:9661^2,0.40613825672595616,0.0,"A:139^2,B:2^4,B:3^2,B:7^2",0.0,0.0,"A:139^2,B:2^4,B:3^2,B:7^2",0.0,pythagorean,69
19881,98803600,98823481,6966354570,7,81,False,9941,C:9941^2,0.40611884685657706,0.0,"A:3^2,A:47^2,B:2^4,B:5^2,B:7^2",0.0,0.0,"A:3^2,A:47^2,B:2^4,B:5^2,B:7^2",0.0,pythagorean,70
20449,104530176,104550625,124577310,7,87,False,29039,"B:71^2,C:409^2",0.5512958203862065,0.0,"C:5^4,C:409^2",0.0,0.22589069915275406,"A:11^2,B:2^8,B:71^2",0.012118315606407455,pythagorean,71
21025,110502144,110523169,667680630,6,41,False,10513,C:10513^2,0.45574200462080167,0.0,"A:5^2,A:29^2,B:2^8,B:3^4",0.0,0.0,"A:5^2,A:29^2,B:2^8,B:3^4",0.0,pythagorean,72
21609,116726416,116748025,1225740810,7,84,False,10805,"C:5^2,C:2161^2",0.44382128562123124,0.0,"A:3^2,A:7^4,B:2^4,B:37^2",0.0,0.0,"A:3^2,A:7^4,B:2^4,B:37^2",0.0,pythagorean,73
22201,123210000,123232201,1835994390,7,87,False,11101,"C:17^2,C:653^2",0.4366815934590731,0.0,"A:149^2,B:2^4,B:5^4",0.0,0.0,"A:149^2,B:2^4,B:5^4",0.0,pythagorean,74
22801,129960000,129982801,981284070,7,86,False,11401,"C:13^2,C:877^2",0.4511827793096751,0.0,"A:151^2,B:2^6,B:5^4",0.0,0.0,"A:151^2,B:2^6,B:5^4",0.0,pythagorean,75
23409,136983616,137007025,1746690330,8,169,False,11705,"C:5^2,C:2341^2",0.44019437059729427,0.0,"A:3^4,A:17^2,B:2^6,B:11^2",0.0,0.0,"A:3^4,A:17^2,B:2^6,B:11^2",0.0,pythagorean,76
24025,144288144,144312169,11183262090,9,359,False,12013,"C:41^2,C:293^2",0.4059932990268598,0.0,"A:5^2,A:31^2,B:2^4,B:3^2,B:7^2",0.0,0.0,"A:5^2,A:31^2,B:2^4,B:3^2,B:7^2",0.0,pythagorean,77
24649,151880976,151905625,2384724810,8,179,False,12403,"A:157^2,B:79^2",0.43652931918454413,0.0,"A:157^2,B:2^4,B:3^2,B:13^2",0.0,0.0,"B:2^4,B:3^2,B:79^2,C:5^4",0.0,pythagorean,78
25281,159769600,159794881,1587836010,6,40,False,12641,C:12641^2,0.4458067683119297,0.0,"A:3^2,A:53^2,B:2^10,B:5^2",0.0,0.0,"A:3^2,A:53^2,B:2^10,B:5^2",0.0,pythagorean,79
25921,167961600,167987521,62601630,7,87,False,12961,"C:13^2,C:997^2",0.5274922510689982,0.9870983807767555,"C:13^2,C:997^2",0.054984502137996244,1.2197647694313603,"A:7^2,B:2^10,B:5^2,C:13^2",0.06794475594203149,pythagorean,80
