family,parameters,a,b,c,factorization_c,source_capacities,sink_primes,compatible_blocks,saturated_blocks,reachable_disjoint_unions,chosen_blocks,exclusive_assignment,residual_numerator,residual_denominator,pbt_residual_numerator,pbt_residual_denominator,scalar_numerator,scalar_denominator,fragmentation_numerator,fragmentation_denominator,fcrt_chosen_blocks,fcrt_item_assignment,fcrt_residual_numerator,fcrt_residual_denominator,fcrt_fragmentation_numerator,fcrt_fragmentation_denominator,fcrt_improvement_numerator,fcrt_improvement_denominator,fcrt_block_family_count,radical_abc,ratio_grid_floor,fcrt_ratio_grid_floor
balanced_4r_3r,r=1,3,4,7,7^1,,2;3,0,0,1,,2->unused;3->unused,1,1,1,1,1,1,1,1,,2->unused;3->unused,1,1,1,1,1,1,1,42,0,0
balanced_4r_3r,r=10,59049,1048576,1107625,5^3;8861^1,5:25,2;3,1,0,1,,2->5;3->5,25,6,25,6,25,6,1,1,,2->5;3->5,25,6,1,1,1,1,1,265830,1371,1371
balanced_4r_3r,r=11,177147,4194304,4371451,7^1;727^1;859^1,,2;3,0,0,1,,2->unused;3->unused,1,1,1,1,1,1,1,1,,2->unused;3->unused,1,1,1,1,1,1,1,26228706,0,0
balanced_4r_3r,r=12,531441,16777216,17308657,337^1;51361^1,,2;3,0,0,1,,2->unused;3->unused,1,1,1,1,1,1,1,1,,2->unused;3->unused,1,1,1,1,1,1,1,103851942,0,0
balanced_4r_3r,r=13,1594323,67108864,68703187,7^1;313^1;31357^1,,2;3,0,0,1,,2->unused;3->unused,1,1,1,1,1,1,1,1,,2->unused;3->unused,1,1,1,1,1,1,1,412219122,0,0
balanced_4r_3r,r=14,4782969,268435456,273218425,5^2;29^1;376853^1,5:5,2;3,1,1,2,,2->5;3->5,1,1,1,1,1,1,1,1,,2->5;3->5,1,1,1,1,1,1,2,327862110,0,0
balanced_4r_3r,r=15,14348907,1073741824,1088090731,7^1;13^1;31^1;181^1;2131^1,,2;3,0,0,1,,2->unused;3->unused,1,1,1,1,1,1,1,1,,2->unused;3->unused,1,1,1,1,1,1,1,6528544386,0,0
balanced_4r_3r,r=16,43046721,4294967296,4338014017,4338014017^1,,2;3,0,0,1,,2->unused;3->unused,1,1,1,1,1,1,1,1,,2->unused;3->unused,1,1,1,1,1,1,1,26028084102,0,0
balanced_4r_3r,r=17,129140163,17179869184,17309009347,7^1;919^1;2690659^1,,2;3,0,0,1,,2->unused;3->unused,1,1,1,1,1,1,1,1,,2->unused;3->unused,1,1,1,1,1,1,1,103854056082,0,0
balanced_4r_3r,r=18,387420489,68719476736,69106897225,5^2;73^1;193^1;196201^1,5:5,2;3,1,1,2,,2->5;3->5,1,1,1,1,1,1,1,1,,2->5;3->5,1,1,1,1,1,1,2,82928276670,0,0
balanced_4r_3r,r=19,1162261467,274877906944,276040168411,7^1;39434309773^1,,2;3,0,0,1,,2->unused;3->unused,1,1,1,1,1,1,1,1,,2->unused;3->unused,1,1,1,1,1,1,1,1656241010466,0,0
balanced_4r_3r,r=2,9,16,25,5^2,5:5,2;3,1,1,2,,2->5;3->5,1,1,1,1,1,1,1,1,,2->5;3->5,1,1,1,1,1,1,2,30,0,0
balanced_4r_3r,r=20,3486784401,1099511627776,1102998412177,41^1;241^1;337^1;331241^1,,2;3,0,0,1,,2->unused;3->unused,1,1,1,1,1,1,1,1,,2->unused;3->unused,1,1,1,1,1,1,1,6617990473062,0,0
balanced_4r_3r,r=3,27,64,91,7^1;13^1,,2;3,0,0,1,,2->unused;3->unused,1,1,1,1,1,1,1,1,,2->unused;3->unused,1,1,1,1,1,1,1,546,0,0
balanced_4r_3r,r=4,81,256,337,337^1,,2;3,0,0,1,,2->unused;3->unused,1,1,1,1,1,1,1,1,,2->unused;3->unused,1,1,1,1,1,1,1,2022,0,0
balanced_4r_3r,r=5,243,1024,1267,7^1;181^1,,2;3,0,0,1,,2->unused;3->unused,1,1,1,1,1,1,1,1,,2->unused;3->unused,1,1,1,1,1,1,1,7602,0,0
balanced_4r_3r,r=6,729,4096,4825,5^2;193^1,5:5,2;3,1,1,2,,2->5;3->5,1,1,1,1,1,1,1,1,,2->5;3->5,1,1,1,1,1,1,2,5790,0,0
balanced_4r_3r,r=7,2187,16384,18571,7^2;379^1,7:7,2;3,1,0,1,,2->7;3->7,7,6,7,6,7,6,1,1,,2->7;3->7,7,6,1,1,1,1,1,15918,191,191
balanced_4r_3r,r=8,6561,65536,72097,17^1;4241^1,,2;3,0,0,1,,2->unused;3->unused,1,1,1,1,1,1,1,1,,2->unused;3->unused,1,1,1,1,1,1,1,432582,0,0
balanced_4r_3r,r=9,19683,262144,281827,7^1;13^1;19^1;163^1,,2;3,0,0,1,,2->unused;3->unused,1,1,1,1,1,1,1,1,,2->unused;3->unused,1,1,1,1,1,1,1,1690962,0,0
composite_base_unit_power,base=10;exponent=10,1,9999999999,10000000000,2^10;5^10,2:512;5:1953125,3;11;41;271;9091,3,3,4,,3->2;11->2;41->2;271->5;9091->5,1,1,1,1,1,1,1,1,,3->2;11->2;41->2;271->5;9091->5,1,1,1,1,1,1,4,33333333330,0,0
composite_base_unit_power,base=10;exponent=2,1,99,100,2^2;5^2,2:2;5:5,3;11,4,4,5,,3->2;11->5,1,1,1,1,1,1,1,1,,3->2;11->5,1,1,1,1,1,1,5,330,0,0
composite_base_unit_power,base=10;exponent=3,1,999,1000,2^3;5^3,2:4;5:25,3;37,3,3,4,[2+5|3+37],3->block;37->block,1,1,4,3,1,1,1,1,[2+5|3+37],token#2:1/1->unused,1,1,1,1,1,1,4,1110,0,0
composite_base_unit_power,base=10;exponent=4,1,9999,10000,2^4;5^4,2:8;5:125,3;11;101,3,3,4,,3->5;11->2;101->5,1,1,1,1,1,1,1,1,,3->5;11->2;101->5,1,1,1,1,1,1,4,33330,0,0
composite_base_unit_power,base=10;exponent=5,1,99999,100000,2^5;5^5,2:16;5:625,3;41;271,3,3,4,,3->5;41->2;271->5,1,1,1,1,1,1,1,1,,3->5;41->2;271->5,1,1,1,1,1,1,4,333330,0,0
composite_base_unit_power,base=10;exponent=6,1,999999,1000000,2^6;5^6,2:32;5:3125,3;7;11;13;37,3,3,4,,3->2;7->5;11->2;13->5;37->5,1,1,1,1,1,1,1,1,,3->2;7->5;11->2;13->5;37->5,1,1,1,1,1,1,4,1111110,0,0
composite_base_unit_power,base=10;exponent=7,1,9999999,10000000,2^7;5^7,2:64;5:15625,3;239;4649,3,3,4,[2+5|3+239+4649],3->block;239->block;4649->block,1,1,15625,13947,1,1,1,1,[2+5|3+239+4649],token#2:1/1->unused,1,1,1,1,1,1,4,33333330,0,0
composite_base_unit_power,base=10;exponent=8,1,99999999,100000000,2^8;5^8,2:128;5:78125,3;11;73;101;137,3,3,4,,3->unused;11->5;73->5;101->5;137->2,1,1,1,1,1,1,1,1,,3->unused;11->5;73->5;101->5;137->2,1,1,1,1,1,1,4,333333330,0,0
composite_base_unit_power,base=10;exponent=9,1,999999999,1000000000,2^9;5^9,2:256;5:390625,3;37;333667,3,2,3,,3->2;37->2;333667->5,100000000,37037037,100000000,37037037,100000000,37037037,1,1,,3->2;37->2;333667->5,100000000,37037037,1,1,1,1,3,370370370,604,604
composite_base_unit_power,base=12;exponent=10,1,61917364223,61917364224,2^20;3^10,2:524288;3:19683,11;13;19141;22621,3,3,4,,11->2;13->2;19141->2;22621->3,1,1,1,1,1,1,1,1,,11->2;13->2;19141->2;22621->3,1,1,1,1,1,1,4,371504185338,0,0
composite_base_unit_power,base=12;exponent=2,1,143,144,2^4;3^2,2:8;3:3,11;13,3,3,4,,11->2;13->3,1,1,1,1,1,1,1,1,,11->2;13->3,1,1,1,1,1,1,4,858,0,0
composite_base_unit_power,base=12;exponent=3,1,1727,1728,2^6;3^3,2:32;3:9,11;157,3,3,4,,11->3;157->2,1,1,1,1,1,1,1,1,,11->3;157->2,1,1,1,1,1,1,4,10362,0,0
composite_base_unit_power,base=12;exponent=4,1,20735,20736,2^8;3^4,2:128;3:27,5;11;13;29,3,3,4,,5->unused;11->2;13->2;29->3,1,1,1,1,1,1,1,1,,5->unused;11->2;13->2;29->3,1,1,1,1,1,1,4,124410,0,0
composite_base_unit_power,base=12;exponent=5,1,248831,248832,2^10;3^5,2:512;3:81,11;22621,3,3,4,[2+3|11+22621],11->block;22621->block,1,1,81,11,1,1,1,1,[2+3|11+22621],token#2:1/1->unused,1,1,1,1,1,1,4,1492986,0,0
composite_base_unit_power,base=12;exponent=6,1,2985983,2985984,2^12;3^6,2:2048;3:243,7;11;13;19;157,3,3,4,,7->2;11->2;13->3;19->3;157->2,1,1,1,1,1,1,1,1,,7->2;11->2;13->3;19->3;157->2,1,1,1,1,1,1,4,17915898,0,0
composite_base_unit_power,base=12;exponent=7,1,35831807,35831808,2^14;3^7,2:8192;3:729,11;659;4943,3,3,4,[2+3|11+659+4943],11->block;659->block;4943->block,1,1,729,659,1,1,1,1,[2+3|11+659+4943],token#2:1/1->unused,1,1,1,1,1,1,4,214990842,0,0
composite_base_unit_power,base=12;exponent=8,1,429981695,429981696,2^16;3^8,2:32768;3:2187,5;11;13;29;89;233,3,3,4,,5->unused;11->2;13->2;29->3;89->3;233->2,1,1,1,1,1,1,1,1,,5->unused;11->2;13->2;29->3;89->3;233->2,1,1,1,1,1,1,4,2579890170,0,0
composite_base_unit_power,base=12;exponent=9,1,5159780351,5159780352,2^18;3^9,2:131072;3:6561,11;37;157;80749,3,3,4,[2+3|11+37+157+80749],11->block;37->block;157->block;80749->block,1,1,6561,5809,1,1,1,1,[2+3|11+37+157+80749],token#2:1/1->unused,1,1,1,1,1,1,4,30958682106,0,0
composite_base_unit_power,base=15;exponent=10,1,576650390624,576650390625,3^10;5^10,3:19683;5:1953125,2;7;11;31;1531;4931,3,2,3,,2->3;7->3;11->5;31->5;1531->3;4931->5,1953125,1681471,1953125,1681471,38443359375,36040649414,21434,19683,,2->3;7->3;11->5;31->5;1531->3;4931->5,1953125,1681471,21434,19683,1,1,3,540609741210,66,66
composite_base_unit_power,base=15;exponent=2,1,224,225,3^2;5^2,3:3;5:5,2;7,3,2,3,,2->3;7->5,3,2,3,2,15,14,7,5,,2->3;7->5,3,2,7,5,1,1,3,210,909,909
composite_base_unit_power,base=15;exponent=3,1,3374,3375,3^3;5^3,3:9;5:25,2;7;241,3,3,4,,2->3;7->3;241->5,1,1,1,1,1,1,1,1,,2->3;7->3;241->5,1,1,1,1,1,1,4,50610,0,0
composite_base_unit_power,base=15;exponent=4,1,50624,50625,3^4;5^4,3:27;5:125,2;7;113,3,2,3,,2->3;7->3;113->5,3375,1582,3375,1582,3375,1582,1,1,,2->3;7->3;113->5,3375,1582,1,1,1,1,3,23730,902,902
composite_base_unit_power,base=15;exponent=5,1,759374,759375,3^5;5^5,3:81;5:625,2;7;11;4931,3,3,4,,2->3;7->3;11->3;4931->5,1,1,1,1,1,1,1,1,,2->3;7->3;11->3;4931->5,1,1,1,1,1,1,4,11390610,0,0
composite_base_unit_power,base=15;exponent=6,1,11390624,11390625,3^6;5^6,3:243;5:3125,2;7;211;241,3,2,3,,2->5;7->5;211->5;241->3,759375,711914,759375,711914,759375,711914,1,1,,2->5;7->5;211->5;241->3,759375,711914,1,1,1,1,3,10678710,47,47
composite_base_unit_power,base=15;exponent=7,1,170859374,170859375,3^7;5^7,3:729;5:15625,2;7;1743463,3,3,4,[3+5|2+7+1743463],2->block;7->block;1743463->block,1,1,729,14,1,1,1,1,[3+5|2+7+1743463],token#2:1/1->unused,1,1,1,1,1,1,4,366127230,0,0
composite_base_unit_power,base=15;exponent=8,1,2562890624,2562890625,3^8;5^8,3:2187;5:78125,2;7;17;113;1489,3,2,3,,2->3;7->3;17->5;113->3;1489->5,170859375,40045166,170859375,40045166,170859375,40045166,1,1,,2->3;7->3;17->5;113->3;1489->5,170859375,40045166,1,1,1,1,3,600677490,861,861
composite_base_unit_power,base=15;exponent=9,1,38443359374,38443359375,3^9;5^9,3:6561;5:390625,2;7;241;541;21061,3,3,4,,2->unused;7->5;241->5;541->5;21061->3,1,1,1,1,1,1,1,1,,2->unused;7->5;241->5;541->5;21061->3,1,1,1,1,1,1,4,576650390610,0,0
composite_base_unit_power,base=18;exponent=10,1,3570467226623,3570467226624,2^10;3^20,2:512;3:1162261467,11;17;19;41;2711;9041,3,3,4,,11->3;17->2;19->3;41->2;2711->3;9041->3,1,1,1,1,1,1,1,1,,11->3;17->2;19->3;41->2;2711->3;9041->3,1,1,1,1,1,1,4,21422803359738,0,0
composite_base_unit_power,base=18;exponent=2,1,323,324,2^2;3^4,2:2;3:27,17;19,4,4,5,[2+3|17+19],17->block;19->block,1,1,27,19,1,1,1,1,[3|17+19],token#2:323/27->2,1,1,1,1,1,1,5,1938,0,0
composite_base_unit_power,base=18;exponent=3,1,5831,5832,2^3;3^6,2:4;3:243,7;17,4,2,3,,7->3;17->3,972,119,972,119,972,119,1,1,,7->3;17->3,972,119,1,1,1,1,3,714,3835,3835
composite_base_unit_power,base=18;exponent=4,1,104975,104976,2^4;3^8,2:8;3:2187,5;13;17;19,4,4,5,[2+3|5+13+17+19],5->block;13->block;17->block;19->block,1,1,2187,1615,1,1,1,1,[3|5+13+17+19],token#2:20995/2187->2,1,1,1,1,1,1,5,125970,0,0
composite_base_unit_power,base=18;exponent=5,1,1889567,1889568,2^5;3^10,2:16;3:19683,17;41;2711,3,3,4,,17->2;41->3;2711->3,1,1,1,1,1,1,1,1,,17->2;41->3;2711->3,1,1,1,1,1,1,4,11337402,0,0
composite_base_unit_power,base=18;exponent=6,1,34012223,34012224,2^6;3^12,2:32;3:177147,7;17;19;307,3,2,3,,7->2;17->3;19->3;307->3,5668704,694127,5668704,694127,5668704,694127,1,1,,7->2;17->3;19->3;307->3,5668704,694127,1,1,1,1,3,4164762,1653,1653
composite_base_unit_power,base=18;exponent=7,1,612220031,612220032,2^7;3^14,2:64;3:1594323,17;449;80207,3,3,4,[2+3|17+449+80207],17->block;449->block;80207->block,1,1,1594323,1363519,1,1,1,1,[2+3|17+449+80207],token#2:1/1->unused,1,1,1,1,1,1,4,3673320186,0,0
composite_base_unit_power,base=18;exponent=8,1,11019960575,11019960576,2^8;3^16,2:128;3:14348907,5;13;17;19;113;929,3,3,4,[2+3|5+13+17+19+113+929],5->block;13->block;17->block;19->block;113->block;929->block,1,1,128,113,1,1,1,1,[2+3|5+13+17+19+113+929],token#2:1/1->unused,1,1,1,1,1,1,4,13223952690,0,0
composite_base_unit_power,base=18;exponent=9,1,198359290367,198359290368,2^9;3^18,2:256;3:129140163,7;17;991;34327,3,2,3,,7->2;17->2;991->3;34327->3,33059881728,4048148783,33059881728,4048148783,33059881728,4048148783,1,1,,7->2;17->2;991->3;34327->3,33059881728,4048148783,1,1,1,1,3,24288892698,1053,1053
composite_base_unit_power,base=30;exponent=10,1,590489999999999,590490000000000,2^10;3^10;5^10,2:512;3:19683;5:1953125,11;29;31;71261;837931,7,7,8,,11->5;29->2;31->2;71261->3;837931->5,1,1,1,1,1,1,1,1,,11->5;29->2;31->2;71261->3;837931->5,1,1,1,1,1,1,8,17714699999999970,0,0
composite_base_unit_power,base=30;exponent=2,1,899,900,2^2;3^2;5^2,2:2;3:3;5:5,29;31,8,8,9,[2+3+5|29+31],29->block;31->block,1,1,2,1,1,1,1,1,[3+5|29+31],token#6:31/1->2,1,1,1,1,1,1,9,26970,0,0
composite_base_unit_power,base=30;exponent=3,1,26999,27000,2^3;3^3;5^3,2:4;3:9;5:25,7;19;29,8,8,9,,7->2;19->3;29->5,1,1,1,1,1,1,1,1,,7->2;19->3;29->5,1,1,1,1,1,1,9,115710,0,0
composite_base_unit_power,base=30;exponent=4,1,809999,810000,2^4;3^4;5^4,2:8;3:27;5:125,17;29;31;53,10,10,11,,17->2;29->3;31->5;53->5,1,1,1,1,1,1,1,1,,17->2;29->3;31->5;53->5,1,1,1,1,1,1,11,24299970,0,0
composite_base_unit_power,base=30;exponent=5,1,24299999,24300000,2^5;3^5;5^5,2:16;3:81;5:625,29;837931,7,7,8,[2+3+5|29+837931],29->block;837931->block,1,1,1296,29,1,1,1,1,[2+3+5|29+837931],token#6:1/1->unused,1,1,1,1,1,1,8,728999970,0,0
composite_base_unit_power,base=30;exponent=6,1,728999999,729000000,2^6;3^6;5^6,2:32;3:243;5:3125,7;13;19;29;31;67,7,7,8,,7->5;13->3;19->3;29->5;31->5;67->2,1,1,1,1,1,1,1,1,,7->5;13->3;19->3;29->5;31->5;67->2,1,1,1,1,1,1,8,3124285710,0,0
composite_base_unit_power,base=30;exponent=7,1,21869999999,21870000000,2^7;3^7;5^7,2:64;3:729;5:15625,29;71;113;93997,7,7,8,,29->3;71->2;113->3;93997->5,1,1,1,1,1,1,1,1,,29->3;71->2;113->3;93997->5,1,1,1,1,1,1,8,656099999970,0,0
composite_base_unit_power,base=30;exponent=8,1,656099999999,656100000000,2^8;3^8;5^8,2:128;3:2187;5:78125,17;29;31;53;241;3361,10,10,11,,17->2;29->2;31->3;53->5;241->3;3361->5,1,1,1,1,1,1,1,1,,17->2;29->2;31->3;53->5;241->3;3361->5,1,1,1,1,1,1,11,19682999999970,0,0
composite_base_unit_power,base=30;exponent=9,1,19682999999999,19683000000000,2^9;3^9;5^9,2:256;3:6561;5:390625,7;19;29;729027001,7,7,8,[2+3+5|7+19+29+729027001],7->block;19->block;29->block;729027001->block,1,1,1679616,3857,1,1,1,1,[2+3+5|7+19+29+729027001],token#6:1/1->unused,1,1,1,1,1,1,8,84355714285710,0,0
composite_base_unit_power,base=42;exponent=10,1,17080198121677823,17080198121677824,2^10;3^10;7^10,2:512;3:19683;7:40353607,11;41;43;131;181;1601;23201,7,7,8,,11->unused;41->7;43->7;131->3;181->3;1601->2;23201->7,1,1,1,1,1,1,1,1,,11->unused;41->7;43->7;131->3;181->3;1601->2;23201->7,1,1,1,1,1,1,8,717368321110468566,0,0
composite_base_unit_power,base=42;exponent=2,1,1763,1764,2^2;3^2;7^2,2:2;3:3;7:7,41;43,8,8,9,[2+3+7|41+43],41->block;43->block,1,1,2,1,1,1,1,1,[3+7|41+43],token#6:43/1->2,1,1,1,1,1,1,9,74046,0,0
composite_base_unit_power,base=42;exponent=3,1,74087,74088,2^3;3^3;7^3,2:4;3:9;7:49,13;41;139,8,8,9,,13->2;41->3;139->7,1,1,1,1,1,1,1,1,,13->2;41->3;139->7,1,1,1,1,1,1,9,3111654,0,0
composite_base_unit_power,base=42;exponent=4,1,3111695,3111696,2^4;3^4;7^4,2:8;3:27;7:343,5;41;43;353,8,8,9,,5->unused;41->2;43->3;353->7,1,1,1,1,1,1,1,1,,5->unused;41->2;43->3;353->7,1,1,1,1,1,1,9,130691190,0,0
composite_base_unit_power,base=42;exponent=5,1,130691231,130691232,2^5;3^5;7^5,2:16;3:81;7:2401,11;41;181;1601,8,8,9,,11->7;41->2;181->3;1601->7,1,1,1,1,1,1,1,1,,11->7;41->2;181->3;1601->7,1,1,1,1,1,1,9,5489031702,0,0
composite_base_unit_power,base=42;exponent=6,1,5489031743,5489031744,2^6;3^6;7^6,2:32;3:243;7:16807,13;41;43;139;1723,8,8,9,,13->3;41->2;43->3;139->7;1723->7,1,1,1,1,1,1,1,1,,13->3;41->2;43->3;139->7;1723->7,1,1,1,1,1,1,9,230539333206,0,0
composite_base_unit_power,base=42;exponent=7,1,230539333247,230539333248,2^7;3^7;7^7,2:64;3:729;7:117649,41;3851;1460117,7,7,8,[2+3+7|41+3851+1460117],41->block;3851->block;1460117->block,1,1,64,41,1,1,1,1,[2+3+7|41+3851+1460117],token#6:1/1->unused,1,1,1,1,1,1,8,9682651996374,0,0
composite_base_unit_power,base=42;exponent=8,1,9682651996415,9682651996416,2^8;3^8;7^8,2:128;3:2187;7:823543,5;17;41;43;353;183041,8,8,9,,5->2;17->3;41->2;43->7;353->3;183041->7,1,1,1,1,1,1,1,1,,5->2;17->3;41->2;43->7;353->3;183041->7,1,1,1,1,1,1,9,406671383849430,0,0
composite_base_unit_power,base=42;exponent=9,1,406671383849471,406671383849472,2^9;3^9;7^9,2:256;3:6561;7:5764801,13;19;41;139;288900307,7,7,8,[2+3+7|13+19+41+139+288900307],13->block;19->block;41->block;139->block;288900307->block,1,1,1679616,1407653,1,1,1,1,[2+3+7|13+19+41+139+288900307],token#6:1/1->unused,1,1,1,1,1,1,8,17080198121677782,0,0
composite_base_unit_power,base=6;exponent=10,1,60466175,60466176,2^10;3^10,2:512;3:19683,5;7;11;101;311,3,3,4,[2+3|5+7+11+101+311],5->block;7->block;11->block;101->block;311->block,1,1,512,505,1,1,1,1,[2+3|5+7+11+101+311],token#2:1/1->unused,1,1,1,1,1,1,4,72559410,0,0
composite_base_unit_power,base=6;exponent=2,1,35,36,2^2;3^2,2:2;3:3,5;7,4,4,5,,5->2;7->3,1,1,1,1,1,1,1,1,,5->2;7->3,1,1,1,1,1,1,5,210,0,0
composite_base_unit_power,base=6;exponent=3,1,215,216,2^3;3^3,2:4;3:9,5;43,3,3,4,,5->2;43->3,1,1,1,1,1,1,1,1,,5->2;43->3,1,1,1,1,1,1,4,1290,0,0
composite_base_unit_power,base=6;exponent=4,1,1295,1296,2^4;3^4,2:8;3:27,5;7;37,3,3,4,,5->2;7->2;37->3,1,1,1,1,1,1,1,1,,5->2;7->2;37->3,1,1,1,1,1,1,4,7770,0,0
composite_base_unit_power,base=6;exponent=5,1,7775,7776,2^5;3^5,2:16;3:81,5;311,3,3,4,[2+3|5+311],5->block;311->block,1,1,16,5,1,1,1,1,[2+3|5+311],token#2:1/1->unused,1,1,1,1,1,1,4,9330,0,0
composite_base_unit_power,base=6;exponent=6,1,46655,46656,2^6;3^6,2:32;3:243,5;7;31;43,3,3,4,,5->2;7->2;31->3;43->3,1,1,1,1,1,1,1,1,,5->2;7->2;31->3;43->3,1,1,1,1,1,1,4,279930,0,0
composite_base_unit_power,base=6;exponent=7,1,279935,279936,2^7;3^7,2:64;3:729,5;55987,3,3,4,[2+3|5+55987],5->block;55987->block,1,1,64,5,1,1,1,1,[2+3|5+55987],token#2:1/1->unused,1,1,1,1,1,1,4,1679610,0,0
composite_base_unit_power,base=6;exponent=8,1,1679615,1679616,2^8;3^8,2:128;3:2187,5;7;37;1297,3,3,4,,5->2;7->3;37->2;1297->3,1,1,1,1,1,1,1,1,,5->2;7->3;37->2;1297->3,1,1,1,1,1,1,4,10077690,0,0
composite_base_unit_power,base=6;exponent=9,1,10077695,10077696,2^9;3^9,2:256;3:6561,5;19;43;2467,3,3,4,,5->3;19->2;43->2;2467->3,1,1,1,1,1,1,1,1,,5->3;19->2;43->2;2467->3,1,1,1,1,1,1,4,60466170,0,0
forced_hard_witness,four-layer-strict-chain,1,65024,65025,3^2;5^2;17^2,3:3;5:5;17:17,2;127,8,6,7,[5+17|2+127],2->block;127->block,3,1,15,2,255,254,254,85,[5+17|2+127],token#5:2/1->3,3,2,127,85,2,1,7,64770,1189,439
linnik_prime_predecessor_finite,k=2;M=6;multiplier=2;ell=71,1,71,72,2^3;3^2,2:4;3:3,71,3,3,4,[2+3|71],71->block,1,1,3,1,1,1,1,1,[2+3|71],token#2:1/1->unused,1,1,1,1,1,1,4,426,0,0
linnik_prime_predecessor_finite,k=3;M=30;multiplier=3;ell=2699,1,2699,2700,2^2;3^3;5^2,2:2;3:9;5:5,2699,7,7,8,[2+3+5|2699],2699->block,1,1,10,1,1,1,1,1,[2+3+5|2699],token#6:1/1->unused,1,1,1,1,1,1,8,80970,0,0
linnik_prime_predecessor_finite,k=4;M=210;multiplier=3;ell=132299,1,132299,132300,2^2;3^3;5^2;7^2,2:2;3:9;5:5;7:7,132299,15,15,16,[2+3+5+7|132299],132299->block,1,1,70,1,1,1,1,1,[2+3+5+7|132299],token#14:1/1->unused,1,1,1,1,1,1,16,27782790,0,0
linnik_prime_predecessor_finite,k=5;M=2310;multiplier=6;ell=32016599,1,32016599,32016600,2^3;3^3;5^2;7^2;11^2,2:4;3:9;5:5;7:7;11:11,32016599,31,31,32,[2+3+5+7+11|32016599],32016599->block,1,1,1260,1,1,1,1,1,[2+3+5+7+11|32016599],token#30:1/1->unused,1,1,1,1,1,1,32,73958343690,0,0
linnik_prime_predecessor_finite,k=6;M=30030;multiplier=2;ell=1803601799,1,1803601799,1803601800,2^3;3^2;5^2;7^2;11^2;13^2,2:4;3:3;5:5;7:7;11:11;13:13,1803601799,63,63,64,[2+3+5+7+11+13|1803601799],1803601799->block,1,1,4620,1,1,1,1,1,[2+3+5+7+11+13|1803601799],token#62:1/1->unused,1,1,1,1,1,1,64,54162162023970,0,0
linnik_shifted_minus_two_finite,k=2;M=15;multiplier=1;ell=223,2,223,225,3^2;5^2,3:3;5:5,2;223,3,3,4,[3+5|2+223],2->block;223->block,1,1,3,2,1,1,1,1,[3+5|2+223],token#2:1/1->unused,1,1,1,1,1,1,4,6690,0,0
linnik_shifted_minus_two_finite,k=3;M=105;multiplier=3;ell=33073,2,33073,33075,3^3;5^2;7^2,3:9;5:5;7:7,2;33073,7,7,8,[3+5+7|2+33073],2->block;33073->block,1,1,35,2,1,1,1,1,[3+5+7|2+33073],token#6:1/1->unused,1,1,1,1,1,1,8,6945330,0,0
linnik_shifted_minus_two_finite,k=4;M=1155;multiplier=9;ell=12006223,2,12006223,12006225,3^4;5^2;7^2;11^2,3:27;5:5;7:7;11:11,2;12006223,15,15,16,[3+5+7+11|2+12006223],2->block;12006223->block,1,1,385,2,1,1,1,1,[3+5+7+11|2+12006223],token#14:1/1->unused,1,1,1,1,1,1,16,27734375130,0,0
linnik_shifted_minus_two_finite,k=5;M=15015;multiplier=1;ell=225450223,2,225450223,225450225,3^2;5^2;7^2;11^2;13^2,3:3;5:5;7:7;11:11;13:13,2;225450223,31,31,32,[3+5+7+11+13|2+225450223],2->block;225450223->block,1,1,1155,2,1,1,1,1,[3+5+7+11+13|2+225450223],token#30:1/1->unused,1,1,1,1,1,1,32,6770270196690,0,0
mixed_power_generalized_fermat,x=10;u=4;y=17;v=5,10000,1419857,1429857,3^2;11^2;13^1;101^1,3:3;11:11,2;5;17,4,4,5,,2->unused;5->3;17->11,1,1,1,1,1,1,1,1,,2->unused;5->3;17->11,1,1,1,1,1,1,5,7365930,0,0
mixed_power_generalized_fermat,x=11;u=2;y=7;v=5,121,16807,16928,2^5;23^2,2:16;23:23,7;11,3,2,3,,7->2;11->23,368,77,368,77,368,77,1,1,,7->2;11->23,368,77,1,1,1,1,3,3542,2296,2296
mixed_power_generalized_fermat,x=11;u=3;y=13;v=3,1331,2197,3528,2^3;3^2;7^2,2:4;3:3;7:7,11;13,8,8,9,[2+3+7|11+13],11->block;13->block,1,1,3,1,1,1,1,1,[2+7|11+13],token#5:143/28->3,1,1,1,1,1,1,9,6006,0,0
mixed_power_generalized_fermat,x=11;u=3;y=17;v=4,1331,83521,84852,2^2;3^2;2357^1,2:2;3:3,11;17,6,6,7,,11->2;17->3,1,1,1,1,1,1,1,1,,11->2;17->3,1,1,1,1,1,1,7,2644554,0,0
mixed_power_generalized_fermat,x=11;u=3;y=19;v=4,1331,130321,131652,2^2;3^3;23^1;53^1,2:2;3:9,11;19,4,4,5,,11->2;19->3,1,1,1,1,1,1,1,1,,11->2;19->3,1,1,1,1,1,1,5,1528626,0,0
mixed_power_generalized_fermat,x=11;u=4;y=3;v=5,243,14641,14884,2^2;61^2,2:2;61:61,3;11,4,2,3,,3->61;11->61,122,33,122,33,122,33,1,1,,3->61;11->61,122,33,1,1,1,1,3,4026,1890,1890
mixed_power_generalized_fermat,x=12;u=5;y=13;v=5,248832,371293,620125,5^3;11^2;41^1,5:25;11:11,2;3;13,4,3,4,,2->11;3->11;13->5,275,78,275,78,275,78,1,1,,2->11;3->11;13->5,275,78,1,1,1,1,4,175890,1251,1251
mixed_power_generalized_fermat,x=13;u=2;y=11;v=3,169,1331,1500,2^2;3^1;5^3,2:2;5:25,11;13,4,4,5,[2+5|11+13],11->block;13->block,1,1,25,13,1,1,1,1,[5|11+13],token#2:143/25->2,1,1,1,1,1,1,5,4290,0,0
mixed_power_generalized_fermat,x=13;u=2;y=14;v=5,169,537824,537993,3^2;23^2;113^1,3:3;23:23,2;7;13,3,3,4,,2->23;7->3;13->23,1,1,1,1,1,1,1,1,,2->23;7->3;13->23,1,1,1,1,1,1,4,1419054,0,0
mixed_power_generalized_fermat,x=13;u=2;y=15;v=5,169,759375,759544,2^3;19^2;263^1,2:4;19:19,3;5;13,4,4,5,,3->19;5->2;13->19,1,1,1,1,1,1,1,1,,3->19;5->2;13->19,1,1,1,1,1,1,5,1948830,0,0
mixed_power_generalized_fermat,x=13;u=2;y=3;v=3,27,169,196,2^2;7^2,2:2;7:7,3;13,4,4,5,,3->2;13->7,1,1,1,1,1,1,1,1,,3->2;13->7,1,1,1,1,1,1,5,546,0,0
mixed_power_generalized_fermat,x=13;u=4;y=11;v=5,28561,161051,189612,2^2;3^2;23^1;229^1,2:2;3:3,11;13,4,4,5,,11->2;13->3,1,1,1,1,1,1,1,1,,11->2;13->3,1,1,1,1,1,1,5,4519086,0,0
mixed_power_generalized_fermat,x=13;u=4;y=20;v=5,28561,3200000,3228561,3^2;7^2;7321^1,3:3;7:7,2;5;13,3,3,4,,2->unused;5->3;13->7,1,1,1,1,1,1,1,1,,2->unused;5->3;13->7,1,1,1,1,1,1,4,19986330,0,0
mixed_power_generalized_fermat,x=14;u=3;y=19;v=5,2744,2476099,2478843,3^5;101^2,3:81;101:101,2;7;19,3,2,3,,2->3;7->3;19->101,8181,266,8181,266,8181,266,1,1,,2->3;7->3;19->101,8181,266,1,1,1,1,3,80598,3639,3639
mixed_power_generalized_fermat,x=15;u=3;y=7;v=4,2401,3375,5776,2^4;19^2,2:8;19:19,3;5;7,4,3,4,,3->19;5->19;7->2,152,105,152,105,152,105,1,1,,3->19;5->19;7->2,152,105,1,1,1,1,4,3990,535,535
mixed_power_generalized_fermat,x=17;u=2;y=11;v=3,289,1331,1620,2^2;3^4;5^1,2:2;3:27,11;17,4,4,5,[2+3|11+17],11->block;17->block,1,1,27,17,1,1,1,1,[3|11+17],token#2:187/27->2,1,1,1,1,1,1,5,5610,0,0
mixed_power_generalized_fermat,x=17;u=2;y=12;v=4,289,20736,21025,5^2;29^2,5:5;29:29,2;3;17,3,2,3,,2->29;3->5;17->29,5,3,5,3,145,102,34,29,,2->29;3->5;17->29,5,3,34,29,1,1,3,14790,638,638
mixed_power_generalized_fermat,x=17;u=3;y=19;v=3,4913,6859,11772,2^2;3^3;109^1,2:2;3:9,17;19,5,5,6,,17->2;19->3,1,1,1,1,1,1,1,1,,17->2;19->3,1,1,1,1,1,1,7,211242,0,0
mixed_power_generalized_fermat,x=17;u=3;y=19;v=5,4913,2476099,2481012,2^2;3^2;68917^1,2:2;3:3,17;19,5,5,6,,17->2;19->3,1,1,1,1,1,1,1,1,,17->2;19->3,1,1,1,1,1,1,7,133561146,0,0
mixed_power_generalized_fermat,x=17;u=5;y=19;v=5,1419857,2476099,3895956,2^2;3^2;31^1;3491^1,2:2;3:3,17;19,5,5,6,,17->2;19->3,1,1,1,1,1,1,1,1,,17->2;19->3,1,1,1,1,1,1,7,209732298,0,0
mixed_power_generalized_fermat,x=18;u=4;y=19;v=5,104976,2476099,2581075,5^2;7^4;43^1,5:5;7:343,2;3;19,4,2,3,,2->5;3->7;19->7,1715,114,1715,114,1715,114,1,1,,2->5;3->7;19->7,1715,114,1,1,1,1,3,171570,2699,2699
mixed_power_generalized_fermat,x=19;u=2;y=11;v=3,361,1331,1692,2^2;3^2;47^1,2:2;3:3,11;19,6,6,7,,11->2;19->3,1,1,1,1,1,1,1,1,,11->2;19->3,1,1,1,1,1,1,7,58938,0,0
mixed_power_generalized_fermat,x=19;u=3;y=11;v=4,6859,14641,21500,2^2;5^3;43^1,2:2;5:25,11;19,4,4,5,[2+5|11+19],11->block;19->block,1,1,25,19,1,1,1,1,[5|11+19],token#2:209/25->2,1,1,1,1,1,1,5,89870,0,0
mixed_power_generalized_fermat,x=19;u=3;y=17;v=5,6859,1419857,1426716,2^2;3^2;39631^1,2:2;3:3,17;19,5,5,6,,17->2;19->3,1,1,1,1,1,1,1,1,,17->2;19->3,1,1,1,1,1,1,7,76804878,0,0
mixed_power_generalized_fermat,x=2;u=3;y=13;v=3,8,2197,2205,3^2;5^1;7^2,3:3;7:7,2;13,4,3,4,[3+7|2+13],2->block;13->block,1,1,3,2,1,1,1,1,[3+7|2+13],token#2:1/1->unused,1,1,1,1,1,1,4,2730,0,0
mixed_power_generalized_fermat,x=3;u=5;y=17;v=5,243,1419857,1420100,2^2;5^2;11^1;1291^1,2:2;5:5,3;17,4,4,5,,3->2;17->5,1,1,1,1,1,1,1,1,,3->2;17->5,1,1,1,1,1,1,5,7242510,0,0
mixed_power_generalized_fermat,x=5;u=3;y=19;v=3,125,6859,6984,2^3;3^2;97^1,2:4;3:3,5;19,4,4,5,,5->2;19->3,1,1,1,1,1,1,1,1,,5->2;19->3,1,1,1,1,1,1,5,55290,0,0
mixed_power_generalized_fermat,x=5;u=3;y=19;v=5,125,2476099,2476224,2^6;3^3;1433^1,2:32;3:9,5;19,3,2,3,,5->3;19->2,288,95,288,95,288,95,1,1,,5->3;19->2,288,95,1,1,1,1,3,816810,977,977
mixed_power_generalized_fermat,x=5;u=3;y=7;v=3,125,343,468,2^2;3^2;13^1,2:2;3:3,5;7,5,5,6,,5->2;7->3,1,1,1,1,1,1,1,1,,5->2;7->3,1,1,1,1,1,1,7,2730,0,0
mixed_power_generalized_fermat,x=5;u=4;y=11;v=5,625,161051,161676,2^2;3^4;499^1,2:2;3:27,5;11,4,4,5,[2+3|5+11],5->block;11->block,1,1,2,1,1,1,1,1,[3|5+11],token#2:55/27->2,1,1,1,1,1,1,5,164670,0,0
mixed_power_generalized_fermat,x=7;u=2;y=11;v=5,49,161051,161100,2^2;3^2;5^2;179^1,2:2;3:3;5:5,7;11,9,9,10,[2+3+5|7+11],7->block;11->block,1,1,2,1,1,1,1,1,[2+3|7+11],token#3:7/1->5,1,1,1,1,1,1,11,413490,0,0
mixed_power_generalized_fermat,x=7;u=3;y=17;v=3,343,4913,5256,2^3;3^2;73^1,2:4;3:3,7;17,5,5,6,,7->2;17->3,1,1,1,1,1,1,1,1,,7->2;17->3,1,1,1,1,1,1,7,52122,0,0
mixed_power_generalized_fermat,x=7;u=3;y=17;v=5,343,1419857,1420200,2^3;3^3;5^2;263^1,2:4;3:9;5:5,7;17,8,7,8,,7->5;17->3,4,1,4,1,180,119,119,45,[3+5|7+17],token#6:119/45->2,180,119,1,1,119,45,8,938910,1209,361
mixed_power_generalized_fermat,x=7;u=3;y=5;v=4,343,625,968,2^3;11^2,2:4;11:11,5;7,4,3,4,,5->2;7->11,11,7,11,7,44,35,5,4,[11|5+7],token#2:35/11->2,44,35,1,1,5,4,4,770,816,413
mixed_power_generalized_fermat,x=7;u=3;y=5;v=5,343,3125,3468,2^2;3^1;17^2,2:2;17:17,5;7,4,4,5,[2+17|5+7],5->block;7->block,1,1,2,1,1,1,1,1,[17|5+7],token#2:35/17->2,1,1,1,1,1,1,5,3570,0,0
mixed_power_generalized_fermat,x=7;u=4;y=19;v=5,2401,2476099,2478500,2^2;5^3;4957^1,2:2;5:25,7;19,4,4,5,[2+5|7+19],7->block;19->block,1,1,25,19,1,1,1,1,[5|7+19],token#2:133/25->2,1,1,1,1,1,1,5,6592810,0,0
mixed_power_generalized_fermat,x=7;u=5;y=13;v=5,16807,371293,388100,2^2;5^2;3881^1,2:2;5:5,7;13,4,4,5,,7->2;13->5,1,1,1,1,1,1,1,1,,7->2;13->5,1,1,1,1,1,1,5,3531710,0,0
mixed_power_generalized_fermat,x=9;u=5;y=11;v=5,59049,161051,220100,2^2;5^2;31^1;71^1,2:2;5:5,3;11,5,4,5,,3->2;11->5,1,1,1,1,1,1,1,1,,3->2;11->5,1,1,1,1,1,1,5,726330,0,0
two_fifteen_power,n=10,2,576650390623,576650390625,3^10;5^10,3:19683;5:1953125,2;257;2243775839,3,3,4,[3+5|2+257+2243775839],2->block;257->block;2243775839->block,1,1,19683,514,1,1,1,1,[3+5|2+257+2243775839],token#2:1/1->unused,1,1,1,1,1,1,4,17299511718690,0,0
two_fifteen_power,n=11,2,8649755859373,8649755859375,3^11;5^11,3:59049;5:9765625,2;277;997;31320517,3,3,4,,2->unused;277->3;997->3;31320517->5,1,1,1,1,1,1,1,1,,2->unused;277->3;997->3;31320517->5,1,1,1,1,1,1,4,259492675781190,0,0
two_fifteen_power,n=12,2,129746337890623,129746337890625,3^12;5^12,3:177147;5:48828125,2;129746337890623,3,3,4,[3+5|2+129746337890623],2->block;129746337890623->block,1,1,177147,2,1,1,1,1,[3+5|2+129746337890623],token#2:1/1->unused,1,1,1,1,1,1,4,3892390136718690,0,0
two_fifteen_power,n=13,2,1946195068359373,1946195068359375,3^13;5^13,3:531441;5:244140625,2;13;17;769;11451641777,3,3,4,[3+5|2+13+17+769+11451641777],2->block;13->block;17->block;769->block;11451641777->block,1,1,531441,339898,1,1,1,1,[3+5|2+13+17+769+11451641777],token#2:1/1->unused,1,1,1,1,1,1,4,58385852050781190,0,0
two_fifteen_power,n=14,2,29192926025390623,29192926025390625,3^14;5^14,3:1594323;5:1220703125,2;31;47;97;191;263;21529,3,2,3,,2->3;31->3;47->3;97->3;191->5;263->5;21529->5,1946195068359375,305685089271106,1946195068359375,305685089271106,1946195068359375,305685089271106,1,1,,2->3;31->3;47->3;97->3;191->5;263->5;21529->5,1946195068359375,305685089271106,1,1,1,1,3,4585276339066590,615,615
two_fifteen_power,n=15,2,437893890380859373,437893890380859375,3^15;5^15,3:4782969;5:6103515625,2;733;19213;31093508437,3,3,4,,2->unused;733->3;19213->3;31093508437->5,1,1,1,1,1,1,1,1,,2->unused;733->3;19213->3;31093508437->5,1,1,1,1,1,1,4,13136816711425781190,0,0
two_fifteen_power,n=16,2,6568408355712890623,6568408355712890625,3^16;5^16,3:14348907;5:30517578125,2;1801;13337;507937;538367,3,3,4,,2->unused;1801->3;13337->3;507937->5;538367->5,1,1,1,1,1,1,1,1,,2->unused;1801->3;13337->3;507937->5;538367->5,1,1,1,1,1,1,4,197052250671386718690,0,0
two_fifteen_power,n=17,2,98526125335693359373,98526125335693359375,3^17;5^17,3:43046721;5:152587890625,2;98526125335693359373,3,3,4,[3+5|2+98526125335693359373],2->block;98526125335693359373->block,1,1,43046721,2,1,1,1,1,[3+5|2+98526125335693359373],token#2:1/1->unused,1,1,1,1,1,1,4,2955783760070800781190,0,0
two_fifteen_power,n=18,2,1477891880035400390623,1477891880035400390625,3^18;5^18,3:129140163;5:762939453125,2;41;127;283827900909429689,3,3,4,[3+5|2+41+127+283827900909429689],2->block;41->block;127->block;283827900909429689->block,1,1,129140163,10414,1,1,1,1,[3+5|2+41+127+283827900909429689],token#2:1/1->unused,1,1,1,1,1,1,4,44336756401062011718690,0,0
two_fifteen_power,n=19,2,22168378200531005859373,22168378200531005859375,3^19;5^19,3:387420489;5:3814697265625,2;22168378200531005859373,3,3,4,[3+5|2+22168378200531005859373],2->block;22168378200531005859373->block,1,1,387420489,2,1,1,1,1,[3+5|2+22168378200531005859373],token#2:1/1->unused,1,1,1,1,1,1,4,665051346015930175781190,0,0
two_fifteen_power,n=2,2,223,225,3^2;5^2,3:3;5:5,2;223,3,3,4,[3+5|2+223],2->block;223->block,1,1,3,2,1,1,1,1,[3+5|2+223],token#2:1/1->unused,1,1,1,1,1,1,4,6690,0,0
two_fifteen_power,n=20,2,332525673007965087890623,332525673007965087890625,3^20;5^20,3:1162261467;5:19073486328125,2;233;20293447;70325598760673,3,3,4,,2->unused;233->3;20293447->3;70325598760673->5,1,1,1,1,1,1,1,1,,2->unused;233->3;20293447->3;70325598760673->5,1,1,1,1,1,1,4,9975770190238952636718690,0,0
two_fifteen_power,n=21,2,4987885095119476318359373,4987885095119476318359375,3^21;5^21,3:3486784401;5:95367431640625,2;17;12451;37610603;626546039773,3,3,4,[3+5|2+17+12451+37610603+626546039773],2->block;17->block;12451->block;37610603->block;626546039773->block,1,1,3486784401,1278760502,1,1,1,1,[3+5|2+17+12451+37610603+626546039773],token#2:1/1->unused,1,1,1,1,1,1,4,149636552853584289550781190,0,0
two_fifteen_power,n=22,2,74818276426792144775390623,74818276426792144775390625,3^22;5^22,3:10460353203;5:476837158203125,2;10687;14407;19249;67751;372609953,3,3,4,[3+5|2+10687+14407+19249+67751+372609953],2->block;10687->block;14407->block;19249->block;67751->block;372609953->block,1,1,10460353203,2608277998,1,1,1,1,[3+5|2+10687+14407+19249+67751+372609953],token#2:1/1->unused,1,1,1,1,1,1,4,2244548292803764343261718690,0,0
two_fifteen_power,n=23,2,1122274146401882171630859373,1122274146401882171630859375,3^23;5^23,3:31381059609;5:2384185791015625,2;19;409;827;7867837;22195308500537,3,3,4,,2->unused;19->3;409->3;827->5;7867837->3;22195308500537->5,1,1,1,1,1,1,1,1,,2->unused;19->3;409->3;827->5;7867837->3;22195308500537->5,1,1,1,1,1,1,4,33668224392056465148925781190,0,0
two_fifteen_power,n=24,2,16834112196028232574462890623,16834112196028232574462890625,3^24;5^24,3:94143178827;5:11920928955078125,2;31;5783;93902105704864829474951,3,3,4,[3+5|2+31+5783+93902105704864829474951],2->block;31->block;5783->block;93902105704864829474951->block,1,1,94143178827,358546,1,1,1,1,[3+5|2+31+5783+93902105704864829474951],token#2:1/1->unused,1,1,1,1,1,1,4,505023365880846977233886718690,0,0
two_fifteen_power,n=3,2,3373,3375,3^3;5^3,3:9;5:25,2;3373,3,3,4,[3+5|2+3373],2->block;3373->block,1,1,9,2,1,1,1,1,[3+5|2+3373],token#2:1/1->unused,1,1,1,1,1,1,4,101190,0,0
two_fifteen_power,n=4,2,50623,50625,3^4;5^4,3:27;5:125,2;23;31;71,3,3,4,,2->unused;23->5;31->3;71->5,1,1,1,1,1,1,1,1,,2->unused;23->5;31->3;71->5,1,1,1,1,1,1,4,1518690,0,0
two_fifteen_power,n=5,2,759373,759375,3^5;5^5,3:81;5:625,2;17;19;2351,3,3,4,,2->unused;17->3;19->3;2351->5,1,1,1,1,1,1,1,1,,2->unused;17->3;19->3;2351->5,1,1,1,1,1,1,4,22781190,0,0
two_fifteen_power,n=6,2,11390623,11390625,3^6;5^6,3:243;5:3125,2;521;21863,3,3,4,,2->unused;521->3;21863->5,1,1,1,1,1,1,1,1,,2->unused;521->3;21863->5,1,1,1,1,1,1,4,341718690,0,0
two_fifteen_power,n=7,2,170859373,170859375,3^7;5^7,3:729;5:15625,2;170859373,3,3,4,[3+5|2+170859373],2->block;170859373->block,1,1,729,2,1,1,1,1,[3+5|2+170859373],token#2:1/1->unused,1,1,1,1,1,1,4,5125781190,0,0
two_fifteen_power,n=8,2,2562890623,2562890625,3^8;5^8,3:2187;5:78125,2;47497;53959,3,3,4,,2->5;47497->3;53959->5,1,1,1,1,1,1,1,1,,2->5;47497->3;53959->5,1,1,1,1,1,1,4,76886718690,0,0
two_fifteen_power,n=9,2,38443359373,38443359375,3^9;5^9,3:6561;5:390625,2;2089;18402757,3,3,4,[3+5|2+2089+18402757],2->block;2089->block;18402757->block,1,1,6561,4178,1,1,1,1,[3+5|2+2089+18402757],token#2:1/1->unused,1,1,1,1,1,1,4,1153300781190,0,0
